what,kind,bundleId,bundleVersion,description,time
started,bundle,org.eclipse.jdt.ui,3.6.0.v20100602-1600,"org.eclipse.jdt.ui",1279830007957
started,bundle,org.eclipse.core.filebuffers,3.5.100.v20100520-0800,"org.eclipse.core.filebuffers",1279830008008
opened,view,org.eclipse.jdt.ui,3.6.0.v20100602-1600,"org.eclipse.jdt.ui.PackageExplorer",1279830008313
opened,view,org.eclipse.ui.ide,3.6.0.I20100601-0800,"org.eclipse.ui.views.ProblemView",1279830008404
opened,view,org.eclipse.ui.views,3.5.0.I20100527-0800,"org.eclipse.ui.views.ContentOutline",1279830008429
activated,perspective,org.eclipse.jdt.ui,3.6.0.v20100602-1600,"org.eclipse.jdt.ui.JavaPerspective",1279830008450
activated,view,org.eclipse.jdt.ui,3.6.0.v20100602-1600,"org.eclipse.jdt.ui.PackageExplorer",1279830008504
started,bundle,org.eclipse.ltk.core.refactoring,3.5.100.v20100526-0800,"org.eclipse.ltk.core.refactoring",1279830021404
started,bundle,org.eclipse.debug.core,3.6.0.v20100519,"org.eclipse.debug.core",1279830026965
started,bundle,org.eclipse.debug.ui,3.6.0.v20100601-1530,"org.eclipse.debug.ui",1279830027037
deactivated,workbench,org.eclipse.ui.workbench,3.6.0.I20100603-1100,"",1279830049358
activated,workbench,org.eclipse.ui.workbench,3.6.0.I20100603-1100,"",1279830052125
deactivated,workbench,org.eclipse.ui.workbench,3.6.0.I20100603-1100,"",1279830069126
activated,workbench,org.eclipse.ui.workbench,3.6.0.I20100603-1100,"",1279830073530
executed,command,org.eclipse.ui,3.6.0.I20100603-1100,"org.eclipse.ui.perspectives.showPerspective",1279830073564
executed,command,org.eclipse.ui,3.6.0.I20100603-1100,"org.eclipse.ui.perspectives.showPerspective",1279830073564
deactivated,workbench,org.eclipse.ui.workbench,3.6.0.I20100603-1100,"",1279830131252
activated,workbench,org.eclipse.ui.workbench,3.6.0.I20100603-1100,"",1279830137322
executed,command,org.eclipse.ui,3.6.0.I20100603-1100,"org.eclipse.ui.file.properties",1279830137366
started,bundle,org.eclipse.ltk.ui.refactoring,3.5.0.v20100526-0800,"org.eclipse.ltk.ui.refactoring",1279830147119
activated,workbench,org.eclipse.ui.workbench,3.6.0.I20100603-1100,"",1279830147144
deactivated,workbench,org.eclipse.ui.workbench,3.6.0.I20100603-1100,"",1279830147228
activated,workbench,org.eclipse.ui.workbench,3.6.0.I20100603-1100,"",1279830152484
executed,command,org.eclipse.ltk.ui.refactoring,3.5.0.v20100526-0800,"org.eclipse.ltk.ui.refactoring.commands.deleteResources",1279830152504
executed,command,org.eclipse.ui,3.6.0.I20100603-1100,"org.eclipse.ui.edit.delete",1279830152504
activated,perspective,org.eclipse.team.svn.ui,0.7.9.I20100512-1900,"org.eclipse.team.svn.ui.repository.RepositoryPerspective",1279830155688
activated,view,org.eclipse.team.svn.ui,0.7.9.I20100512-1900,"org.eclipse.team.svn.ui.repository.RepositoriesView",1279830155696
deactivated,workbench,org.eclipse.ui.workbench,3.6.0.I20100603-1100,"",1279830192578
activated,workbench,org.eclipse.ui.workbench,3.6.0.I20100603-1100,"",1279830194848
deactivated,workbench,org.eclipse.ui.workbench,3.6.0.I20100603-1100,"",1279830195163
activated,workbench,org.eclipse.ui.workbench,3.6.0.I20100603-1100,"",1279830195353
deactivated,workbench,org.eclipse.ui.workbench,3.6.0.I20100603-1100,"",1279830197613
activated,workbench,org.eclipse.ui.workbench,3.6.0.I20100603-1100,"",1279830199006
closed,workbench,org.eclipse.ui.workbench,3.6.0.I20100603-1100,"",1279830199088
stopped,bundle,org.eclipse.mylyn.ide.ant,3.4.0.v20100608-0100-e3x,"org.eclipse.mylyn.ide.ant",1279830199454
stopped,bundle,org.eclipse.ant.ui,3.5.0.v20100427,"org.eclipse.ant.ui",1279830199454
stopped,bundle,org.eclipse.ant.launching,1.0.0.v20100427,"org.eclipse.ant.launching",1279830199455
stopped,bundle,org.eclipse.equinox.p2.ui.sdk,1.0.100.v20100513,"org.eclipse.equinox.p2.ui.sdk",1279830199455
stopped,bundle,org.eclipse.mylyn.java.tasks,3.4.0.v20100608-0100-e3x,"org.eclipse.mylyn.java.tasks",1279830199456
stopped,bundle,org.eclipse.mylyn.java.ui,3.4.0.v20100608-0100-e3x,"org.eclipse.mylyn.java.ui",1279830199456
stopped,bundle,org.eclipse.jdt.junit,3.6.0.v20100526-0800,"org.eclipse.jdt.junit",1279830199457
stopped,bundle,org.eclipse.jdt.apt.ui,3.3.300.v20100513-0845,"org.eclipse.jdt.apt.ui",1279830199458
stopped,bundle,org.eclipse.jdt.debug.ui,3.5.0.v20100602-0830,"org.eclipse.jdt.debug.ui",1279830199470
stopped,bundle,org.eclipse.jdt.ui,3.6.0.v20100602-1600,"org.eclipse.jdt.ui",1279830199494
stopped,bundle,org.eclipse.wst.dtd.ui,1.0.500.v201004290328,"org.eclipse.wst.dtd.ui",1279830199496
stopped,bundle,org.eclipse.wst.xsd.ui,1.2.303.v201004290328,"org.eclipse.wst.xsd.ui",1279830199510
stopped,bundle,org.eclipse.wst.xml.ui,1.1.100.v201006030742,"org.eclipse.wst.xml.ui",1279830199511
stopped,bundle,org.eclipse.wst.common.ui,1.1.500.v200911190730,"org.eclipse.wst.common.ui",1279830199512
stopped,bundle,org.eclipse.wst.sse.ui,1.2.0.v201006030742,"org.eclipse.wst.sse.ui",1279830199513
stopped,bundle,org.eclipse.search,3.6.0.v20100520-0800,"org.eclipse.search",1279830199514
activated,perspective,org.eclipse.team.svn.ui,,"org.eclipse.team.svn.ui.repository.RepositoryPerspective",1279832964474
started,bundle,org.eclipse.osgi,3.6.0.v20100517,"org.eclipse.osgi",1279832964475
started,bundle,org.eclipse.equinox.simpleconfigurator,1.0.200.v20100503,"org.eclipse.equinox.simpleconfigurator",1279832964475
started,bundle,com.ibm.icu,4.2.1.v20100412,"com.ibm.icu",1279832964476
started,bundle,org.eclipse.core.contenttype,3.4.100.v20100505-1235,"org.eclipse.core.contenttype",1279832964476
started,bundle,org.eclipse.core.databinding.observable,1.3.0.I20100601-0800,"org.eclipse.core.databinding.observable",1279832964477
started,bundle,org.eclipse.core.expressions,3.4.200.v20100505,"org.eclipse.core.expressions",1279832964477
started,bundle,org.eclipse.core.filesystem,1.3.0.v20100526-0737,"org.eclipse.core.filesystem",1279832964478
started,bundle,org.eclipse.core.jobs,3.5.0.v20100515,"org.eclipse.core.jobs",1279832964478
started,bundle,org.eclipse.core.net,1.2.100.I20100511-0800,"org.eclipse.core.net",1279832964479
started,bundle,org.eclipse.core.resources,3.6.0.v20100526-0737,"org.eclipse.core.resources",1279832964480
started,bundle,org.eclipse.core.runtime,3.6.0.v20100505,"org.eclipse.core.runtime",1279832964480
started,bundle,org.eclipse.core.runtime.compatibility,3.2.100.v20100505,"org.eclipse.core.runtime.compatibility",1279832964480
started,bundle,org.eclipse.core.runtime.compatibility.auth,3.2.200.v20100517,"org.eclipse.core.runtime.compatibility.auth",1279832964481
started,bundle,org.eclipse.epp.usagedata.gathering,1.3.0.R201005261100,"org.eclipse.epp.usagedata.gathering",1279832964481
started,bundle,org.eclipse.epp.usagedata.recording,1.3.0.R201005261100,"org.eclipse.epp.usagedata.recording",1279832964482
started,bundle,org.eclipse.equinox.app,1.3.0.v20100512,"org.eclipse.equinox.app",1279832964482
started,bundle,org.eclipse.equinox.common,3.6.0.v20100503,"org.eclipse.equinox.common",1279832964483
started,bundle,org.eclipse.equinox.ds,1.2.0.v20100507,"org.eclipse.equinox.ds",1279832964483
started,bundle,org.eclipse.equinox.event,1.2.0.v20100503,"org.eclipse.equinox.event",1279832964484
started,bundle,org.eclipse.equinox.p2.core,2.0.0.v20100510,"org.eclipse.equinox.p2.core",1279832964484
started,bundle,org.eclipse.equinox.p2.directorywatcher,1.0.200.v20100601,"org.eclipse.equinox.p2.directorywatcher",1279832964485
started,bundle,org.eclipse.equinox.p2.engine,2.0.0.v20100606,"org.eclipse.equinox.p2.engine",1279832964485
started,bundle,org.eclipse.equinox.p2.metadata,2.0.0.v20100601,"org.eclipse.equinox.p2.metadata",1279832964486
started,bundle,org.eclipse.equinox.p2.metadata.repository,1.1.0.v20100513,"org.eclipse.equinox.p2.metadata.repository",1279832964488
started,bundle,org.eclipse.equinox.p2.operations,2.0.0.v20100510,"org.eclipse.equinox.p2.operations",1279832964489
started,bundle,org.eclipse.equinox.p2.reconciler.dropins,1.1.0.v20100525,"org.eclipse.equinox.p2.reconciler.dropins",1279832964489
started,bundle,org.eclipse.equinox.p2.repository,2.0.0.v20100519,"org.eclipse.equinox.p2.repository",1279832964490
started,bundle,org.eclipse.equinox.p2.ui.sdk.scheduler,1.0.0.v20100507-1815,"org.eclipse.equinox.p2.ui.sdk.scheduler",1279832964490
started,bundle,org.eclipse.equinox.p2.updatechecker,1.1.100.v20100503a,"org.eclipse.equinox.p2.updatechecker",1279832964491
started,bundle,org.eclipse.equinox.preferences,3.3.0.v20100503,"org.eclipse.equinox.preferences",1279832964491
started,bundle,org.eclipse.equinox.registry,3.5.0.v20100503,"org.eclipse.equinox.registry",1279832964492
started,bundle,org.eclipse.equinox.security,1.0.200.v20100503,"org.eclipse.equinox.security",1279832964493
started,bundle,org.eclipse.equinox.util,1.0.200.v20100503,"org.eclipse.equinox.util",1279832964493
started,bundle,org.eclipse.help,3.5.0.v20100524,"org.eclipse.help",1279832964494
started,bundle,org.eclipse.jface,3.6.0.I20100601-0800,"org.eclipse.jface",1279832964494
started,bundle,org.eclipse.jsch.core,1.1.200.I20100505-1245,"org.eclipse.jsch.core",1279832964495
started,bundle,org.eclipse.mylyn.bugzilla.core,3.4.0.v20100608-0100-e3x,"org.eclipse.mylyn.bugzilla.core",1279832964495
started,bundle,org.eclipse.mylyn.bugzilla.ui,3.4.0.v20100608-0100-e3x,"org.eclipse.mylyn.bugzilla.ui",1279832964496
started,bundle,org.eclipse.mylyn.commons.net,3.4.0.v20100608-0100-e3x,"org.eclipse.mylyn.commons.net",1279832964497
started,bundle,org.eclipse.mylyn.commons.ui,3.4.0.v20100608-0100-e3x,"org.eclipse.mylyn.commons.ui",1279832964498
started,bundle,org.eclipse.mylyn.context.core,3.4.0.v20100608-0100-e3x,"org.eclipse.mylyn.context.core",1279832964498
started,bundle,org.eclipse.mylyn.context.ui,3.4.0.v20100608-0100-e3x,"org.eclipse.mylyn.context.ui",1279832964499
started,bundle,org.eclipse.mylyn.monitor.ui,3.4.0.v20100608-0100-e3x,"org.eclipse.mylyn.monitor.ui",1279832964499
started,bundle,org.eclipse.mylyn.tasks.ui,3.4.0.v20100608-0100-e3x,"org.eclipse.mylyn.tasks.ui",1279832964500
started,bundle,org.eclipse.mylyn.team.ui,3.4.0.v20100608-0100-e3x,"org.eclipse.mylyn.team.ui",1279832964501
started,bundle,org.eclipse.team.core,3.5.100.I20100527-0800,"org.eclipse.team.core",1279832964501
started,bundle,org.eclipse.team.cvs.core,3.3.300.I20100526-0800,"org.eclipse.team.cvs.core",1279832964502
started,bundle,org.eclipse.team.cvs.ui,3.3.300.I20100526-0800,"org.eclipse.team.cvs.ui",1279832964503
started,bundle,org.eclipse.team.ui,3.5.100.I20100527-0800,"org.eclipse.team.ui",1279832964504
started,bundle,org.eclipse.ui,3.6.0.I20100603-1100,"org.eclipse.ui",1279832964505
started,bundle,org.eclipse.ui.console,3.5.0.v20100526,"org.eclipse.ui.console",1279832964506
started,bundle,org.eclipse.ui.forms,3.5.0.v20100427,"org.eclipse.ui.forms",1279832964506
started,bundle,org.eclipse.ui.ide,3.6.0.I20100601-0800,"org.eclipse.ui.ide",1279832964507
started,bundle,org.eclipse.ui.net,1.2.100.I20100505-1245,"org.eclipse.ui.net",1279832964508
started,bundle,org.eclipse.ui.views,3.5.0.I20100527-0800,"org.eclipse.ui.views",1279832964508
started,bundle,org.eclipse.ui.workbench,3.6.0.I20100603-1100,"org.eclipse.ui.workbench",1279832964509
started,bundle,org.eclipse.update.configurator,3.3.100.v20100512,"org.eclipse.update.configurator",1279832964509
started,bundle,org.eclipse.update.core,3.2.400.v20100512,"org.eclipse.update.core",1279832964510
started,bundle,org.eclipse.update.scheduler,3.2.300.v20100512,"org.eclipse.update.scheduler",1279832964511
started,bundle,org.eclipse.team.svn.core,0.7.9.I20100512-1900,"org.eclipse.team.svn.core",1279832964511
started,bundle,org.eclipse.team.svn.ui,0.7.9.I20100512-1900,"org.eclipse.team.svn.ui",1279832964512
started,bundle,org.polarion.eclipse.team.svn.connector.svnkit16,2.2.2.I20100512-1900,"org.polarion.eclipse.team.svn.connector.svnkit16",1279832964513
os,sysinfo,,,"macosx",1279832964515
arch,sysinfo,,,"x86",1279832964515
ws,sysinfo,,,"cocoa",1279832964515
locale,sysinfo,,,"de_DE",1279832964515
processors,sysinfo,,,"2",1279832964515
java.runtime.name,sysinfo,,,"Java(TM) SE Runtime Environment",1279832964515
java.runtime.version,sysinfo,,,"1.6.0_20-b02-279-10M3065",1279832964515
java.specification.name,sysinfo,,,"Java Platform API Specification",1279832964515
java.specification.vendor,sysinfo,,,"Sun Microsystems Inc.",1279832964515
java.specification.version,sysinfo,,,"1.6",1279832964515
java.vendor,sysinfo,,,"Apple Inc.",1279832964515
java.version,sysinfo,,,"1.6.0_20",1279832964515
java.vm.info,sysinfo,,,"mixed mode",1279832964515
java.vm.name,sysinfo,,,"Java HotSpot(TM) Client VM",1279832964515
java.vm.specification.name,sysinfo,,,"Java Virtual Machine Specification",1279832964515
java.vm.specification.vendor,sysinfo,,,"Sun Microsystems Inc.",1279832964515
java.vm.specification.version,sysinfo,,,"1.0",1279832964515
java.vm.vendor,sysinfo,,,"Apple Inc.",1279832964516
java.vm.version,sysinfo,,,"16.3-b01-279",1279832964516
started,bundle,org.eclipse.compare,3.5.100.I20100526-0800,"org.eclipse.compare",1279832966293
deactivated,workbench,org.eclipse.ui.workbench,3.6.0.I20100603-1100,"",1279832966442
executed,command,org.eclipse.ui,3.6.0.I20100603-1100,"org.eclipse.ui.edit.paste",1279832969609
started,bundle,org.eclipse.equinox.security.ui,1.0.200.v20100503,"org.eclipse.equinox.security.ui",1279832986791
activated,workbench,org.eclipse.ui.workbench,3.6.0.I20100603-1100,"",1279832989734
started,bundle,org.eclipse.team.svn.revision.graph,0.7.9.I20100512-1900,"org.eclipse.team.svn.revision.graph",1279833015867
deactivated,workbench,org.eclipse.ui.workbench,3.6.0.I20100603-1100,"",1279833015882
activated,workbench,org.eclipse.ui.workbench,3.6.0.I20100603-1100,"",1279833016960
deactivated,workbench,org.eclipse.ui.workbench,3.6.0.I20100603-1100,"",1279833017282
started,bundle,org.eclipse.debug.core,3.6.0.v20100519,"org.eclipse.debug.core",1279833018158
started,bundle,org.eclipse.jdt.core,3.6.0.v_A58,"org.eclipse.jdt.core",1279833018320
started,bundle,org.eclipse.jdt.launching,3.5.100.v20100526,"org.eclipse.jdt.launching",1279833018354
started,bundle,org.eclipse.jdt.launching.macosx,3.2.100.v20100505,"org.eclipse.jdt.launching.macosx",1279833018368
activated,workbench,org.eclipse.ui.workbench,3.6.0.I20100603-1100,"",1279833019431
started,bundle,org.eclipse.jdt.apt.core,3.3.400.v20100513-0845,"org.eclipse.jdt.apt.core",1279833019472
started,bundle,org.eclipse.jdt.apt.pluggable.core,1.0.300.v20100513-0845,"org.eclipse.jdt.apt.pluggable.core",1279833019478
started,bundle,org.eclipse.ui.editors,3.6.0.v20100520-0800,"org.eclipse.ui.editors",1279833022476
started,bundle,org.eclipse.ui.workbench.texteditor,3.6.0.v20100520-0800,"org.eclipse.ui.workbench.texteditor",1279833022500
started,bundle,org.eclipse.jdt.core.manipulation,1.3.0.v20100520-0800,"org.eclipse.jdt.core.manipulation",1279833022607
started,bundle,org.eclipse.jdt.ui,3.6.0.v20100602-1600,"org.eclipse.jdt.ui",1279833022634
started,bundle,org.eclipse.core.filebuffers,3.5.100.v20100520-0800,"org.eclipse.core.filebuffers",1279833022697
opened,view,org.eclipse.jdt.ui,3.6.0.v20100602-1600,"org.eclipse.jdt.ui.PackageExplorer",1279833023079
opened,view,org.eclipse.ui.ide,3.6.0.I20100601-0800,"org.eclipse.ui.views.ProblemView",1279833023242
opened,view,org.eclipse.ui.views,3.5.0.I20100527-0800,"org.eclipse.ui.views.ContentOutline",1279833023279
activated,perspective,org.eclipse.jdt.ui,3.6.0.v20100602-1600,"org.eclipse.jdt.ui.JavaPerspective",1279833023301
activated,view,org.eclipse.jdt.ui,3.6.0.v20100602-1600,"org.eclipse.jdt.ui.PackageExplorer",1279833023537
deactivated,workbench,org.eclipse.ui.workbench,3.6.0.I20100603-1100,"",1279833039867
activated,workbench,org.eclipse.ui.workbench,3.6.0.I20100603-1100,"",1279833043965
executed,command,org.eclipse.ui.ide,3.6.0.I20100601-0800,"org.eclipse.ui.project.cleanAction",1279833043998
activated,perspective,org.eclipse.team.svn.ui,0.7.9.I20100512-1900,"org.eclipse.team.svn.ui.repository.RepositoryPerspective",1279833048480
activated,view,org.eclipse.team.svn.ui,0.7.9.I20100512-1900,"org.eclipse.team.svn.ui.repository.RepositoriesView",1279833048489
deactivated,workbench,org.eclipse.ui.workbench,3.6.0.I20100603-1100,"",1279833072951
activated,workbench,org.eclipse.ui.workbench,3.6.0.I20100603-1100,"",1279833081253
deactivated,workbench,org.eclipse.ui.workbench,3.6.0.I20100603-1100,"",1279833081566
activated,workbench,org.eclipse.ui.workbench,3.6.0.I20100603-1100,"",1279833106228
activated,perspective,org.eclipse.jdt.ui,3.6.0.v20100602-1600,"org.eclipse.jdt.ui.JavaPerspective",1279833109097
activated,view,org.eclipse.jdt.ui,3.6.0.v20100602-1600,"org.eclipse.jdt.ui.PackageExplorer",1279833109111
deactivated,workbench,org.eclipse.ui.workbench,3.6.0.I20100603-1100,"",1279833119865
activated,workbench,org.eclipse.ui.workbench,3.6.0.I20100603-1100,"",1279833122141
executed,command,org.eclipse.ui.ide,3.6.0.I20100601-0800,"org.eclipse.ui.project.cleanAction",1279833122176
deactivated,workbench,org.eclipse.ui.workbench,3.6.0.I20100603-1100,"",1279833122496
activated,workbench,org.eclipse.ui.workbench,3.6.0.I20100603-1100,"",1279833124047
activated,view,org.eclipse.ui.ide,3.6.0.I20100601-0800,"org.eclipse.ui.views.ProblemView",1279833128334
deactivated,workbench,org.eclipse.ui.workbench,3.6.0.I20100603-1100,"",1279833132139
activated,workbench,org.eclipse.ui.workbench,3.6.0.I20100603-1100,"",1279833139308
executed,command,org.eclipse.ui.ide,3.6.0.I20100601-0800,"org.eclipse.ui.ide.configureFilters",1279833139342
activated,view,org.eclipse.jdt.ui,3.6.0.v20100602-1600,"org.eclipse.jdt.ui.PackageExplorer",1279833142682
activated,view,org.eclipse.ui.ide,3.6.0.I20100601-0800,"org.eclipse.ui.views.ProblemView",1279833158233
started,bundle,org.eclipse.ltk.core.refactoring,3.5.100.v20100526-0800,"org.eclipse.ltk.core.refactoring",1279833158576
started,bundle,org.eclipse.jdt.junit,3.6.0.v20100526-0800,"org.eclipse.jdt.junit",1279833158592
activated,view,org.eclipse.jdt.ui,3.6.0.v20100602-1600,"org.eclipse.jdt.ui.PackageExplorer",1279833167482
deactivated,workbench,org.eclipse.ui.workbench,3.6.0.I20100603-1100,"",1279833172193
activated,workbench,org.eclipse.ui.workbench,3.6.0.I20100603-1100,"",1279833183930
executed,command,org.eclipse.jdt.ui,3.6.0.v20100602-1600,"org.eclipse.jdt.ui.navigate.open.type",1279833183966
activated,perspective,org.eclipse.team.svn.ui,0.7.9.I20100512-1900,"org.eclipse.team.svn.ui.repository.RepositoryPerspective",1279833189269
activated,view,org.eclipse.team.svn.ui,0.7.9.I20100512-1900,"org.eclipse.team.svn.ui.repository.RepositoriesView",1279833189277
deactivated,workbench,org.eclipse.ui.workbench,3.6.0.I20100603-1100,"",1279833219347
started,bundle,org.eclipse.core.variables,3.2.400.v20100505,"org.eclipse.core.variables",1279833219941
activated,workbench,org.eclipse.ui.workbench,3.6.0.I20100603-1100,"",1279833231519
deactivated,workbench,org.eclipse.ui.workbench,3.6.0.I20100603-1100,"",1279833231847
activated,workbench,org.eclipse.ui.workbench,3.6.0.I20100603-1100,"",1279833232738
deactivated,workbench,org.eclipse.ui.workbench,3.6.0.I20100603-1100,"",1279833244574
activated,workbench,org.eclipse.ui.workbench,3.6.0.I20100603-1100,"",1279833250114
deactivated,workbench,org.eclipse.ui.workbench,3.6.0.I20100603-1100,"",1279833250446
activated,workbench,org.eclipse.ui.workbench,3.6.0.I20100603-1100,"",1279833251260
activated,perspective,org.eclipse.jdt.ui,3.6.0.v20100602-1600,"org.eclipse.jdt.ui.JavaPerspective",1279833258066
activated,view,org.eclipse.jdt.ui,3.6.0.v20100602-1600,"org.eclipse.jdt.ui.PackageExplorer",1279833258080
activated,view,org.eclipse.ui.ide,3.6.0.I20100601-0800,"org.eclipse.ui.views.ProblemView",1279833283105
started,bundle,org.eclipse.ltk.ui.refactoring,3.5.0.v20100526-0800,"org.eclipse.ltk.ui.refactoring",1279833283932
started,bundle,org.eclipse.compare.core,3.5.100.I20100526-0800,"org.eclipse.compare.core",1279833284092
opened,editor,org.eclipse.jdt.ui,3.6.0.v20100602-1600,"org.eclipse.jdt.ui.CompilationUnitEditor",1279833284197
activated,editor,org.eclipse.jdt.ui,3.6.0.v20100602-1600,"org.eclipse.jdt.ui.CompilationUnitEditor",1279833284284
activated,view,org.eclipse.jdt.ui,3.6.0.v20100602-1600,"org.eclipse.jdt.ui.PackageExplorer",1279833291318
executed,command,org.eclipse.ui,3.6.0.I20100603-1100,"org.eclipse.ui.navigate.collapseAll",1279833709388
deactivated,workbench,org.eclipse.ui.workbench,3.6.0.I20100603-1100,"",1279834319763
activated,workbench,org.eclipse.ui.workbench,3.6.0.I20100603-1100,"",1279845121698
deactivated,workbench,org.eclipse.ui.workbench,3.6.0.I20100603-1100,"",1279845123103
activated,workbench,org.eclipse.ui.workbench,3.6.0.I20100603-1100,"",1279845128452
deactivated,workbench,org.eclipse.ui.workbench,3.6.0.I20100603-1100,"",1279845129000
activated,workbench,org.eclipse.ui.workbench,3.6.0.I20100603-1100,"",1279845131721
closed,workbench,org.eclipse.ui.workbench,3.6.0.I20100603-1100,"",1279845131860
stopped,bundle,org.eclipse.mylyn.ide.ant,3.4.0.v20100608-0100-e3x,"org.eclipse.mylyn.ide.ant",1279845132567
stopped,bundle,org.eclipse.ant.ui,3.5.0.v20100427,"org.eclipse.ant.ui",1279845132568
stopped,bundle,org.eclipse.ant.launching,1.0.0.v20100427,"org.eclipse.ant.launching",1279845132569
stopped,bundle,org.eclipse.equinox.p2.ui.sdk,1.0.100.v20100513,"org.eclipse.equinox.p2.ui.sdk",1279845132569
stopped,bundle,org.eclipse.mylyn.java.tasks,3.4.0.v20100608-0100-e3x,"org.eclipse.mylyn.java.tasks",1279845132569
stopped,bundle,org.eclipse.mylyn.java.ui,3.4.0.v20100608-0100-e3x,"org.eclipse.mylyn.java.ui",1279845132571
stopped,bundle,org.eclipse.jdt.junit,3.6.0.v20100526-0800,"org.eclipse.jdt.junit",1279845132571
stopped,bundle,org.eclipse.jdt.apt.ui,3.3.300.v20100513-0845,"org.eclipse.jdt.apt.ui",1279845132572
stopped,bundle,org.eclipse.jdt.debug.ui,3.5.0.v20100602-0830,"org.eclipse.jdt.debug.ui",1279845132572
stopped,bundle,org.eclipse.jdt.ui,3.6.0.v20100602-1600,"org.eclipse.jdt.ui",1279845132577
stopped,bundle,org.eclipse.wst.dtd.ui,1.0.500.v201004290328,"org.eclipse.wst.dtd.ui",1279845132578
stopped,bundle,org.eclipse.wst.xsd.ui,1.2.303.v201004290328,"org.eclipse.wst.xsd.ui",1279845132589
activated,perspective,org.eclipse.jdt.ui,,"org.eclipse.jdt.ui.JavaPerspective",1281680838548
started,bundle,org.eclipse.osgi,3.6.0.v20100517,"org.eclipse.osgi",1281680838549
started,bundle,org.eclipse.equinox.simpleconfigurator,1.0.200.v20100503,"org.eclipse.equinox.simpleconfigurator",1281680838549
started,bundle,com.ibm.icu,4.2.1.v20100412,"com.ibm.icu",1281680838551
started,bundle,org.eclipse.compare.core,3.5.100.I20100526-0800,"org.eclipse.compare.core",1281680838552
started,bundle,org.eclipse.core.contenttype,3.4.100.v20100505-1235,"org.eclipse.core.contenttype",1281680838553
started,bundle,org.eclipse.core.databinding.observable,1.3.0.I20100601-0800,"org.eclipse.core.databinding.observable",1281680838555
started,bundle,org.eclipse.core.expressions,3.4.200.v20100505,"org.eclipse.core.expressions",1281680838555
started,bundle,org.eclipse.core.filebuffers,3.5.100.v20100520-0800,"org.eclipse.core.filebuffers",1281680838556
started,bundle,org.eclipse.core.filesystem,1.3.0.v20100526-0737,"org.eclipse.core.filesystem",1281680838557
started,bundle,org.eclipse.core.jobs,3.5.0.v20100515,"org.eclipse.core.jobs",1281680838558
started,bundle,org.eclipse.core.net,1.2.100.I20100511-0800,"org.eclipse.core.net",1281680838559
started,bundle,org.eclipse.core.resources,3.6.0.v20100526-0737,"org.eclipse.core.resources",1281680838561
started,bundle,org.eclipse.core.runtime,3.6.0.v20100505,"org.eclipse.core.runtime",1281680838562
started,bundle,org.eclipse.core.runtime.compatibility,3.2.100.v20100505,"org.eclipse.core.runtime.compatibility",1281680838563
started,bundle,org.eclipse.core.runtime.compatibility.auth,3.2.200.v20100517,"org.eclipse.core.runtime.compatibility.auth",1281680838564
started,bundle,org.eclipse.core.variables,3.2.400.v20100505,"org.eclipse.core.variables",1281680838565
started,bundle,org.eclipse.debug.core,3.6.0.v20100519,"org.eclipse.debug.core",1281680838567
started,bundle,org.eclipse.epp.usagedata.gathering,1.3.0.R201005261100,"org.eclipse.epp.usagedata.gathering",1281680838568
started,bundle,org.eclipse.epp.usagedata.recording,1.3.0.R201005261100,"org.eclipse.epp.usagedata.recording",1281680838569
started,bundle,org.eclipse.equinox.app,1.3.0.v20100512,"org.eclipse.equinox.app",1281680838570
started,bundle,org.eclipse.equinox.common,3.6.0.v20100503,"org.eclipse.equinox.common",1281680838571
started,bundle,org.eclipse.equinox.ds,1.2.0.v20100507,"org.eclipse.equinox.ds",1281680838572
started,bundle,org.eclipse.equinox.event,1.2.0.v20100503,"org.eclipse.equinox.event",1281680838572
started,bundle,org.eclipse.equinox.p2.core,2.0.0.v20100510,"org.eclipse.equinox.p2.core",1281680838573
started,bundle,org.eclipse.equinox.p2.directorywatcher,1.0.200.v20100601,"org.eclipse.equinox.p2.directorywatcher",1281680838574
started,bundle,org.eclipse.equinox.p2.engine,2.0.0.v20100606,"org.eclipse.equinox.p2.engine",1281680838576
started,bundle,org.eclipse.equinox.p2.metadata,2.0.0.v20100601,"org.eclipse.equinox.p2.metadata",1281680838578
started,bundle,org.eclipse.equinox.p2.metadata.repository,1.1.0.v20100513,"org.eclipse.equinox.p2.metadata.repository",1281680838579
started,bundle,org.eclipse.equinox.p2.operations,2.0.0.v20100510,"org.eclipse.equinox.p2.operations",1281680838580
started,bundle,org.eclipse.equinox.p2.reconciler.dropins,1.1.0.v20100525,"org.eclipse.equinox.p2.reconciler.dropins",1281680838582
started,bundle,org.eclipse.equinox.p2.repository,2.0.0.v20100519,"org.eclipse.equinox.p2.repository",1281680838583
started,bundle,org.eclipse.equinox.p2.ui.sdk.scheduler,1.0.0.v20100507-1815,"org.eclipse.equinox.p2.ui.sdk.scheduler",1281680838584
started,bundle,org.eclipse.equinox.p2.updatechecker,1.1.100.v20100503a,"org.eclipse.equinox.p2.updatechecker",1281680838585
started,bundle,org.eclipse.equinox.preferences,3.3.0.v20100503,"org.eclipse.equinox.preferences",1281680838587
started,bundle,org.eclipse.equinox.registry,3.5.0.v20100503,"org.eclipse.equinox.registry",1281680838588
started,bundle,org.eclipse.equinox.security,1.0.200.v20100503,"org.eclipse.equinox.security",1281680838589
started,bundle,org.eclipse.equinox.util,1.0.200.v20100503,"org.eclipse.equinox.util",1281680838590
started,bundle,org.eclipse.help,3.5.0.v20100524,"org.eclipse.help",1281680838591
started,bundle,org.eclipse.jdt.apt.core,3.3.400.v20100513-0845,"org.eclipse.jdt.apt.core",1281680838593
started,bundle,org.eclipse.jdt.apt.pluggable.core,1.0.300.v20100513-0845,"org.eclipse.jdt.apt.pluggable.core",1281680838594
started,bundle,org.eclipse.jdt.core,3.6.0.v_A58,"org.eclipse.jdt.core",1281680838612
started,bundle,org.eclipse.jdt.core.manipulation,1.3.0.v20100520-0800,"org.eclipse.jdt.core.manipulation",1281680838613
started,bundle,org.eclipse.jdt.junit,3.6.0.v20100526-0800,"org.eclipse.jdt.junit",1281680838615
started,bundle,org.eclipse.jdt.launching,3.5.100.v20100526,"org.eclipse.jdt.launching",1281680838617
started,bundle,org.eclipse.jdt.launching.macosx,3.2.100.v20100505,"org.eclipse.jdt.launching.macosx",1281680838617
started,bundle,org.eclipse.jdt.ui,3.6.0.v20100602-1600,"org.eclipse.jdt.ui",1281680838617
started,bundle,org.eclipse.jface,3.6.0.I20100601-0800,"org.eclipse.jface",1281680838619
started,bundle,org.eclipse.jsch.core,1.1.200.I20100505-1245,"org.eclipse.jsch.core",1281680838620
started,bundle,org.eclipse.ltk.core.refactoring,3.5.100.v20100526-0800,"org.eclipse.ltk.core.refactoring",1281680838621
